{
    "VS": "Высший Суд РФ",
    "VAS": "Высший Арбитражный Суд РФ",
    "FASVVO": "АС Волго-Вятского округа",
    "FASVSO": "АС Восточно-Сибирского округа",
    "FASDVO": "АС Дальневосточного округа",
    "FASZSO": "АС Западно-Сибирского округа",
    "FASMO": "АС Московского округа",
    "FASPO": "АС Поволжского округа",
    "FASSZO": "АС Северо-Западного округа",
    "FASSKO": "АС Северо-Кавказского округа",
    "FASUO": "АС Уральского округа",
    "FASCO": "АС Центрального округа",
    "1AAS": "1 арбитражный апелляционный суд",
    "2AAS": "2 арбитражный апелляционный суд",
    "3AAS": "3 арбитражный апелляционный суд",
    "4AAS": "4 арбитражный апелляционный суд",
    "5AAS": "5 арбитражный апелляционный суд",
    "6AAS": "6 арбитражный апелляционный суд",
    "7AAS": "7 арбитражный апелляционный суд",
    "8AAS": "8 арбитражный апелляционный суд",
    "9AAS": "9 арбитражный апелляционный суд",
    "10AAS": "10 арбитражный апелляционный суд",
    "11AAS": "11 арбитражный апелляционный суд",
    "12AAS": "12 арбитражный апелляционный суд",
    "13AAS": "13 арбитражный апелляционный суд",
    "14AAS": "14 арбитражный апелляционный суд",
    "15AAS": "15 арбитражный апелляционный суд",
    "16AAS": "16 арбитражный апелляционный суд",
    "17AAS": "17 арбитражный апелляционный суд",
    "18AAS": "18 арбитражный апелляционный суд",
    "19AAS": "19 арбитражный апелляционный суд",
    "20AAS": "20 арбитражный апелляционный суд",
    "21AAS": "21 арбитражный апелляционный суд",
    "ALTAI-KRAI": "АС Алтайского края",
    "AMURAS": "АС Амурской области",
    "ARHANGELSK": "АС Архангельской области",
    "ASTRAHAN": "АС Астраханской области",
    "BELGOROD": "АС Белгородской области",
    "BRYANSK": "АС Брянской области",
    "VLADIMIR": "АС Владимирской области",
    "VOLGOGRAD": "АС Волгоградской области",
    "VOLOGDA": "АС Вологодской области",
    "VORONEJ": "АС Воронежской области",
    "MSK": "АС города Москвы",
    "SPB": "АС города Санкт-Петербурга и Ленинградской области",
    "SEVASTOPOL": "АС города Севастополя",
    "DNR": "АС Донецкой Народной Республики",
    "EAO": "АС Еврейской автономной области",
    "CHITA": "АС Забайкальского края",
    "ZAPOROZHYE": "АС Запорожской области",
    "IVANOVO": "АС Ивановской области",
    "IRKUTSK": "АС Иркутской области",
    "ASKB": "АС Кабардино-Балкарской Республики",
    "KALININGRAD": "АС Калининградской области",
    "KALUGA": "АС Калужской области",
    "KAMCHATKA": "АС Камчатского края",
    "ASKCHR": "АС Карачаево-Черкесской Республики",
    "KEMEROVO": "АС Кемеровской области",
    "KIROV": "АС Кировской области",
    "KOMI-PERM": "АС Коми-Пермяцкого АО",
    "KOSTROMA": "АС Костромской области",
    "KRASNODAR": "АС Краснодарского края",
    "KRANSOYARSK": "АС Красноярского края",
    "KURGAN": "АС Курганской области",
    "KURSK": "АС Курской области",
    "LIPETSK": "АС Липецкой области",
    "LNR": "АС Луганской Народной Республики",
    "MAGADAN": "АС Магаданской области",
    "ASMO": "АС Московской области",
    "MURMANSK": "АС Мурманской области",
    "NNOV": "АС Нижегородской области",
    "NOVGOROD": "АС Новгородской области",
    "NOVOSIB": "АС Новосибирской области",
    "OMSK": "АС Омской области",
    "ORENBURG": "АС Оренбургской области",
    "OREL": "АС Орловской области",
    "PENZA": "АС Пензенской области",
    "PERM": "АС Пермского края",
    "PRIMKRAY": "АС Приморского края",
    "PSKOV": "АС Псковской области",
    "ADYG": "АС Республики Адыгея",
    "ALTAI": "АС Республики Алтай",
    "UFA": "АС Республики Башкортостан",
    "BURYATIA": "АС Республики Бурятия",
    "MAHACHKALA": "АС Республики Дагестан",
    "INGUSHETIA": "АС Республики Ингушетия",
    "KALMYK": "АС Республики Калмыкия",
    "KARELIA": "АС Республики Карелия",
    "KOMI": "АС Республики Коми",
    "KRYM": "АС Республики Крым",
    "MARI-EL": "АС Республики Марий Эл",
    "ASRM": "АС Республики Мордовия",
    "YAKUTSK": "АС Республики Саха",
    "ALANIA": "АС Республики Северная Осетия",
    "TATARSTAN": "АС Республики Татарстан",
    "TYVA": "АС Республики Тыва",
    "KHAKASIA": "АС Республики Хакасия",
    "ROSTOV": "АС Ростовской области",
    "RYAZAN": "АС Рязанской области",
    "SAMARA": "АС Самарской области",
    "SARATOV": "АС Саратовской области",
    "SAKHALIN": "АС Сахалинской области",
    "EKATERINBURG": "АС Свердловской области",
    "SMOLENSK": "АС Смоленской области",
    "STAVROPOL": "АС Ставропольского края",
    "TAMBOV": "АС Тамбовской области",
    "TVER": "АС Тверской области",
    "TOMSK": "АС Томской области",
    "TULA": "АС Тульской области",
    "TUMEN": "АС Тюменской области",
    "UDMURTIYA": "АС Удмуртской Республики",
    "ULYANOVSK": "АС Ульяновской области",
    "KHABAROVSK": "АС Хабаровского края",
    "HMAO": "АС Ханты-Мансийского АО",
    "KHERSON": "АС Херсонской области",
    "CHEL": "АС Челябинской области",
    "CHECHNYA": "АС Чеченской Республики",
    "CHUVASHIA": "АС Чувашской Республики",
    "CHUKOTKA": "АС Чукотского АО",
    "YAMAL": "АС Ямало-Ненецкого АО",
    "YAROSLAVL": "АС Ярославской области",
    "KUDIMKAR": "ПСП Арбитражного суда Пермского края",
    "NARYANMAR": "ПСП Арбитражный суд Архангельской области",
    "SIP": "Суд по интеллектуальным правам"
}